{
    "loss": 0.5945540070533752,
    "accuracy": 0.8404255509376526
}